[
{
  "model": "project_blood_legion.zone",
  "pk": 1,
  "fields": {
    "name": "Molten Core"
  }
},
{
  "model": "project_blood_legion.zone",
  "pk": 2,
  "fields": {
    "name": "Onyxia's Lair"
  }
},
{
  "model": "project_blood_legion.boss",
  "pk": 1,
  "fields": {
    "zone": 1,
    "name": "Lucifron"
  }
},
{
  "model": "project_blood_legion.boss",
  "pk": 2,
  "fields": {
    "zone": 1,
    "name": "Magmadar"
  }
},
{
  "model": "project_blood_legion.boss",
  "pk": 3,
  "fields": {
    "zone": 1,
    "name": "Gehennas"
  }
},
{
  "model": "project_blood_legion.boss",
  "pk": 4,
  "fields": {
    "zone": 1,
    "name": "Garr"
  }
},
{
  "model": "project_blood_legion.boss",
  "pk": 5,
  "fields": {
    "zone": 1,
    "name": "Baron Geddon"
  }
},
{
  "model": "project_blood_legion.boss",
  "pk": 6,
  "fields": {
    "zone": 1,
    "name": "Shazzrah"
  }
},
{
  "model": "project_blood_legion.boss",
  "pk": 7,
  "fields": {
    "zone": 1,
    "name": "Sulfuron Harbinger"
  }
},
{
  "model": "project_blood_legion.boss",
  "pk": 8,
  "fields": {
    "zone": 1,
    "name": "Golemagg the Incinerator"
  }
},
{
  "model": "project_blood_legion.boss",
  "pk": 9,
  "fields": {
    "zone": 1,
    "name": "Majordomo Executus"
  }
},
{
  "model": "project_blood_legion.boss",
  "pk": 10,
  "fields": {
    "zone": 1,
    "name": "Ragnaros"
  }
},
{
  "model": "project_blood_legion.boss",
  "pk": 11,
  "fields": {
    "zone": 2,
    "name": "Onyxia"
  }
},
{
  "model": "project_blood_legion.boss",
  "pk": 12,
  "fields": {
    "zone": 1,
    "name": "Trash"
  }
},
{
  "model": "project_blood_legion.boss",
  "pk": 13,
  "fields": {
    "zone": 2,
    "name": "Trash"
  }
},
{
  "model": "project_blood_legion.raid",
  "pk": 1,
  "fields": {
    "zone": 1,
    "reset": 1
  }
},
{
  "model": "project_blood_legion.raid",
  "pk": 2,
  "fields": {
    "zone": 2,
    "reset": 1
  }
},
{
  "model": "project_blood_legion.raid",
  "pk": 3,
  "fields": {
    "zone": 2,
    "reset": 2
  }
},
{
  "model": "project_blood_legion.raid",
  "pk": 4,
  "fields": {
    "zone": 1,
    "reset": 2
  }
},
{
  "model": "project_blood_legion.raid",
  "pk": 5,
  "fields": {
    "zone": 2,
    "reset": 3
  }
},
{
  "model": "project_blood_legion.raid",
  "pk": 6,
  "fields": {
    "zone": 1,
    "reset": 3
  }
},
{
  "model": "project_blood_legion.raid",
  "pk": 7,
  "fields": {
    "zone": 2,
    "reset": 4
  }
},
{
  "model": "project_blood_legion.raid",
  "pk": 8,
  "fields": {
    "zone": 1,
    "reset": 4
  }
},
{
  "model": "project_blood_legion.raid",
  "pk": 9,
  "fields": {
    "zone": 2,
    "reset": 5
  }
},
{
  "model": "project_blood_legion.raid",
  "pk": 10,
  "fields": {
    "zone": 2,
    "reset": 6
  }
},
{
  "model": "project_blood_legion.raid",
  "pk": 11,
  "fields": {
    "zone": 1,
    "reset": 5
  }
},
{
  "model": "project_blood_legion.raid",
  "pk": 12,
  "fields": {
    "zone": 2,
    "reset": 7
  }
},
{
  "model": "project_blood_legion.raid",
  "pk": 13,
  "fields": {
    "zone": 1,
    "reset": 6
  }
},
{
  "model": "project_blood_legion.raid",
  "pk": 14,
  "fields": {
    "zone": 2,
    "reset": 8
  }
},
{
  "model": "project_blood_legion.raid",
  "pk": 15,
  "fields": {
    "zone": 2,
    "reset": 9
  }
},
{
  "model": "project_blood_legion.raid",
  "pk": 16,
  "fields": {
    "zone": 1,
    "reset": 7
  }
},
{
  "model": "project_blood_legion.raid",
  "pk": 17,
  "fields": {
    "zone": 2,
    "reset": 10
  }
},
{
  "model": "project_blood_legion.raid",
  "pk": 18,
  "fields": {
    "zone": 1,
    "reset": 8
  }
},
{
  "model": "project_blood_legion.raid",
  "pk": 19,
  "fields": {
    "zone": 2,
    "reset": 11
  }
},
{
  "model": "project_blood_legion.raid",
  "pk": 20,
  "fields": {
    "zone": 1,
    "reset": 9
  }
},
{
  "model": "project_blood_legion.raid",
  "pk": 21,
  "fields": {
    "zone": 2,
    "reset": 12
  }
},
{
  "model": "project_blood_legion.raid",
  "pk": 22,
  "fields": {
    "zone": 2,
    "reset": 13
  }
},
{
  "model": "project_blood_legion.raid",
  "pk": 23,
  "fields": {
    "zone": 1,
    "reset": 10
  }
},
{
  "model": "project_blood_legion.raid",
  "pk": 24,
  "fields": {
    "zone": 2,
    "reset": 14
  }
},
{
  "model": "project_blood_legion.raid",
  "pk": 25,
  "fields": {
    "zone": 1,
    "reset": 11
  }
},
{
  "model": "project_blood_legion.raid",
  "pk": 26,
  "fields": {
    "zone": 2,
    "reset": 15
  }
},
{
  "model": "project_blood_legion.raid",
  "pk": 27,
  "fields": {
    "zone": 2,
    "reset": 16
  }
},
{
  "model": "project_blood_legion.raid",
  "pk": 28,
  "fields": {
    "zone": 1,
    "reset": 12
  }
},
{
  "model": "project_blood_legion.raid",
  "pk": 29,
  "fields": {
    "zone": 2,
    "reset": 17
  }
},
{
  "model": "project_blood_legion.raid",
  "pk": 30,
  "fields": {
    "zone": 1,
    "reset": 13
  }
},
{
  "model": "project_blood_legion.raid",
  "pk": 31,
  "fields": {
    "zone": 2,
    "reset": 18
  }
},
{
  "model": "project_blood_legion.raid",
  "pk": 32,
  "fields": {
    "zone": 1,
    "reset": 14
  }
},
{
  "model": "project_blood_legion.raid",
  "pk": 33,
  "fields": {
    "zone": 2,
    "reset": 19
  }
},
{
  "model": "project_blood_legion.raid",
  "pk": 34,
  "fields": {
    "zone": 2,
    "reset": 20
  }
},
{
  "model": "project_blood_legion.raid",
  "pk": 35,
  "fields": {
    "zone": 1,
    "reset": 15
  }
},
{
  "model": "project_blood_legion.item",
  "pk": 1,
  "fields": {
    "name": "Arcanist Boots",
    "quality": "E",
    "classicdb_id": 16800
  }
},
{
  "model": "project_blood_legion.item",
  "pk": 2,
  "fields": {
    "name": "Felheart Gloves",
    "quality": "E",
    "classicdb_id": 16805
  }
},
{
  "model": "project_blood_legion.item",
  "pk": 3,
  "fields": {
    "name": "Cenarion Boots",
    "quality": "E",
    "classicdb_id": 16829
  }
},
{
  "model": "project_blood_legion.item",
  "pk": 4,
  "fields": {
    "name": "Earthfury Boots",
    "quality": "E",
    "classicdb_id": 16837
  }
},
{
  "model": "project_blood_legion.item",
  "pk": 5,
  "fields": {
    "name": "Lawbringer Boots",
    "quality": "E",
    "classicdb_id": 16859
  }
},
{
  "model": "project_blood_legion.item",
  "pk": 6,
  "fields": {
    "name": "Gauntlets of Might",
    "quality": "E",
    "classicdb_id": 16863
  }
},
{
  "model": "project_blood_legion.item",
  "pk": 7,
  "fields": {
    "name": "Helm of the Lifegiver",
    "quality": "E",
    "classicdb_id": 18870
  }
},
{
  "model": "project_blood_legion.item",
  "pk": 8,
  "fields": {
    "name": "Choker of Enlightenment",
    "quality": "E",
    "classicdb_id": 17109
  }
},
{
  "model": "project_blood_legion.item",
  "pk": 9,
  "fields": {
    "name": "Robe of Volatile Power",
    "quality": "E",
    "classicdb_id": 19145
  }
},
{
  "model": "project_blood_legion.item",
  "pk": 10,
  "fields": {
    "name": "Wristguards of Stability",
    "quality": "E",
    "classicdb_id": 19146
  }
},
{
  "model": "project_blood_legion.item",
  "pk": 11,
  "fields": {
    "name": "Manastorm Leggings",
    "quality": "E",
    "classicdb_id": 18872
  }
},
{
  "model": "project_blood_legion.item",
  "pk": 12,
  "fields": {
    "name": "Salamander Scale Pants",
    "quality": "E",
    "classicdb_id": 18875
  }
},
{
  "model": "project_blood_legion.item",
  "pk": 13,
  "fields": {
    "name": "Flamewaker Legplates",
    "quality": "E",
    "classicdb_id": 18861
  }
},
{
  "model": "project_blood_legion.item",
  "pk": 14,
  "fields": {
    "name": "Heavy Dark Iron Ring",
    "quality": "E",
    "classicdb_id": 18879
  }
},
{
  "model": "project_blood_legion.item",
  "pk": 15,
  "fields": {
    "name": "Ring of Spell Power",
    "quality": "E",
    "classicdb_id": 19147
  }
},
{
  "model": "project_blood_legion.item",
  "pk": 16,
  "fields": {
    "name": "Crimson Shocker",
    "quality": "E",
    "classicdb_id": 17077
  }
},
{
  "model": "project_blood_legion.item",
  "pk": 17,
  "fields": {
    "name": "Sorcerous Dagger",
    "quality": "E",
    "classicdb_id": 18878
  }
},
{
  "model": "project_blood_legion.item",
  "pk": 18,
  "fields": {
    "name": "Tome of Tranquilizing Shot",
    "quality": "U",
    "classicdb_id": 16665
  }
},
{
  "model": "project_blood_legion.item",
  "pk": 19,
  "fields": {
    "name": "Pants of Prophecy",
    "quality": "E",
    "classicdb_id": 16814
  }
},
{
  "model": "project_blood_legion.item",
  "pk": 20,
  "fields": {
    "name": "Arcanist Leggings",
    "quality": "E",
    "classicdb_id": 16796
  }
},
{
  "model": "project_blood_legion.item",
  "pk": 21,
  "fields": {
    "name": "Felheart Pants",
    "quality": "E",
    "classicdb_id": 16810
  }
},
{
  "model": "project_blood_legion.item",
  "pk": 22,
  "fields": {
    "name": "Nightslayer Pants",
    "quality": "E",
    "classicdb_id": 16822
  }
},
{
  "model": "project_blood_legion.item",
  "pk": 23,
  "fields": {
    "name": "Cenarion Leggings",
    "quality": "E",
    "classicdb_id": 16835
  }
},
{
  "model": "project_blood_legion.item",
  "pk": 24,
  "fields": {
    "name": "Giantstalker's Leggings",
    "quality": "E",
    "classicdb_id": 16847
  }
},
{
  "model": "project_blood_legion.item",
  "pk": 25,
  "fields": {
    "name": "Earthfury Legguards",
    "quality": "E",
    "classicdb_id": 16843
  }
},
{
  "model": "project_blood_legion.item",
  "pk": 26,
  "fields": {
    "name": "Lawbringer Legplates",
    "quality": "E",
    "classicdb_id": 16855
  }
},
{
  "model": "project_blood_legion.item",
  "pk": 27,
  "fields": {
    "name": "Legplates of Might",
    "quality": "E",
    "classicdb_id": 16867
  }
},
{
  "model": "project_blood_legion.item",
  "pk": 28,
  "fields": {
    "name": "Eskhandar's Right Claw",
    "quality": "E",
    "classicdb_id": 18203
  }
},
{
  "model": "project_blood_legion.item",
  "pk": 29,
  "fields": {
    "name": "Medallion of Steadfast Might",
    "quality": "E",
    "classicdb_id": 17065
  }
},
{
  "model": "project_blood_legion.item",
  "pk": 30,
  "fields": {
    "name": "Deep Earth Spaulders",
    "quality": "E",
    "classicdb_id": 18829
  }
},
{
  "model": "project_blood_legion.item",
  "pk": 31,
  "fields": {
    "name": "Aged Core Leather Gloves",
    "quality": "E",
    "classicdb_id": 18823
  }
},
{
  "model": "project_blood_legion.item",
  "pk": 32,
  "fields": {
    "name": "Flameguard Gauntlets",
    "quality": "E",
    "classicdb_id": 19143
  }
},
{
  "model": "project_blood_legion.item",
  "pk": 33,
  "fields": {
    "name": "Mana Igniting Cord",
    "quality": "E",
    "classicdb_id": 19136
  }
},
{
  "model": "project_blood_legion.item",
  "pk": 34,
  "fields": {
    "name": "Sabatons of the Flamewalker",
    "quality": "E",
    "classicdb_id": 19144
  }
},
{
  "model": "project_blood_legion.item",
  "pk": 35,
  "fields": {
    "name": "Magma Tempered Boots",
    "quality": "E",
    "classicdb_id": 18824
  }
},
{
  "model": "project_blood_legion.item",
  "pk": 36,
  "fields": {
    "name": "Quick Strike Ring",
    "quality": "E",
    "classicdb_id": 18821
  }
},
{
  "model": "project_blood_legion.item",
  "pk": 37,
  "fields": {
    "name": "Talisman of Ephemeral Power",
    "quality": "E",
    "classicdb_id": 18820
  }
},
{
  "model": "project_blood_legion.item",
  "pk": 38,
  "fields": {
    "name": "Fire Runed Grimoire",
    "quality": "E",
    "classicdb_id": 19142
  }
},
{
  "model": "project_blood_legion.item",
  "pk": 39,
  "fields": {
    "name": "Striker's Mark",
    "quality": "E",
    "classicdb_id": 17069
  }
},
{
  "model": "project_blood_legion.item",
  "pk": 40,
  "fields": {
    "name": "Earthshaker",
    "quality": "E",
    "classicdb_id": 17073
  }
},
{
  "model": "project_blood_legion.item",
  "pk": 41,
  "fields": {
    "name": "Obsidian Edged Blade",
    "quality": "E",
    "classicdb_id": 18822
  }
},
{
  "model": "project_blood_legion.item",
  "pk": 42,
  "fields": {
    "name": "Plans: Elemental Sharpening Stone",
    "quality": "R",
    "classicdb_id": 18264
  }
}
]
