[
{
  "model": "project_blood_legion.zone",
  "pk": 1,
  "fields": {
    "name": "Molten Core"
  }
},
{
  "model": "project_blood_legion.zone",
  "pk": 2,
  "fields": {
    "name": "Onyxia's Lair"
  }
},
{
  "model": "project_blood_legion.boss",
  "pk": 1,
  "fields": {
    "zone": 1,
    "name": "Lucifron"
  }
},
{
  "model": "project_blood_legion.boss",
  "pk": 2,
  "fields": {
    "zone": 1,
    "name": "Magmadar"
  }
},
{
  "model": "project_blood_legion.boss",
  "pk": 3,
  "fields": {
    "zone": 1,
    "name": "Gehennas"
  }
},
{
  "model": "project_blood_legion.boss",
  "pk": 4,
  "fields": {
    "zone": 1,
    "name": "Garr"
  }
},
{
  "model": "project_blood_legion.boss",
  "pk": 5,
  "fields": {
    "zone": 1,
    "name": "Baron Geddon"
  }
},
{
  "model": "project_blood_legion.boss",
  "pk": 6,
  "fields": {
    "zone": 1,
    "name": "Shazzrah"
  }
},
{
  "model": "project_blood_legion.boss",
  "pk": 7,
  "fields": {
    "zone": 1,
    "name": "Sulfuron Harbinger"
  }
},
{
  "model": "project_blood_legion.boss",
  "pk": 8,
  "fields": {
    "zone": 1,
    "name": "Golemagg the Incinerator"
  }
},
{
  "model": "project_blood_legion.boss",
  "pk": 9,
  "fields": {
    "zone": 1,
    "name": "Majordomo Executus"
  }
},
{
  "model": "project_blood_legion.boss",
  "pk": 10,
  "fields": {
    "zone": 1,
    "name": "Ragnaros"
  }
},
{
  "model": "project_blood_legion.boss",
  "pk": 11,
  "fields": {
    "zone": 2,
    "name": "Onyxia"
  }
},
{
  "model": "project_blood_legion.boss",
  "pk": 12,
  "fields": {
    "zone": 1,
    "name": "Trash"
  }
},
{
  "model": "project_blood_legion.boss",
  "pk": 13,
  "fields": {
    "zone": 2,
    "name": "Trash"
  }
},
{
  "model": "project_blood_legion.raid",
  "pk": 1,
  "fields": {
    "zone": 1,
    "reset": 1,
    "start": "2019-08-26T22:00:00Z",
    "end": "2019-09-03T15:00:00Z"
  }
},
{
  "model": "project_blood_legion.raid",
  "pk": 2,
  "fields": {
    "zone": 2,
    "reset": 1,
    "start": "2019-08-26T22:00:00Z",
    "end": "2019-09-02T15:00:00Z"
  }
},
{
  "model": "project_blood_legion.raid",
  "pk": 3,
  "fields": {
    "zone": 2,
    "reset": 2,
    "start": "2019-09-02T15:00:00Z",
    "end": "2019-09-07T15:00:00Z"
  }
},
{
  "model": "project_blood_legion.raid",
  "pk": 4,
  "fields": {
    "zone": 1,
    "reset": 2,
    "start": "2019-09-03T15:00:00Z",
    "end": "2019-09-10T15:00:00Z"
  }
},
{
  "model": "project_blood_legion.raid",
  "pk": 5,
  "fields": {
    "zone": 2,
    "reset": 3,
    "start": "2019-09-07T15:00:00Z",
    "end": "2019-09-12T15:00:00Z"
  }
},
{
  "model": "project_blood_legion.raid",
  "pk": 6,
  "fields": {
    "zone": 1,
    "reset": 3,
    "start": "2019-09-10T15:00:00Z",
    "end": "2019-09-17T15:00:00Z"
  }
},
{
  "model": "project_blood_legion.raid",
  "pk": 7,
  "fields": {
    "zone": 2,
    "reset": 4,
    "start": "2019-09-12T15:00:00Z",
    "end": "2019-09-17T15:00:00Z"
  }
},
{
  "model": "project_blood_legion.raid",
  "pk": 8,
  "fields": {
    "zone": 1,
    "reset": 4,
    "start": "2019-09-17T15:00:00Z",
    "end": "2019-09-24T15:00:00Z"
  }
},
{
  "model": "project_blood_legion.raid",
  "pk": 9,
  "fields": {
    "zone": 2,
    "reset": 5,
    "start": "2019-09-17T15:00:00Z",
    "end": "2019-09-22T15:00:00Z"
  }
},
{
  "model": "project_blood_legion.raid",
  "pk": 10,
  "fields": {
    "zone": 2,
    "reset": 6,
    "start": "2019-09-22T15:00:00Z",
    "end": "2019-09-27T15:00:00Z"
  }
},
{
  "model": "project_blood_legion.raid",
  "pk": 11,
  "fields": {
    "zone": 1,
    "reset": 5,
    "start": "2019-09-24T15:00:00Z",
    "end": "2019-10-01T15:00:00Z"
  }
},
{
  "model": "project_blood_legion.raid",
  "pk": 12,
  "fields": {
    "zone": 2,
    "reset": 7,
    "start": "2019-09-27T15:00:00Z",
    "end": "2019-10-02T15:00:00Z"
  }
},
{
  "model": "project_blood_legion.raid",
  "pk": 13,
  "fields": {
    "zone": 1,
    "reset": 6,
    "start": "2019-10-01T15:00:00Z",
    "end": "2019-10-08T15:00:00Z"
  }
},
{
  "model": "project_blood_legion.raid",
  "pk": 14,
  "fields": {
    "zone": 2,
    "reset": 8,
    "start": "2019-10-02T15:00:00Z",
    "end": "2019-10-07T15:00:00Z"
  }
},
{
  "model": "project_blood_legion.raid",
  "pk": 15,
  "fields": {
    "zone": 2,
    "reset": 9,
    "start": "2019-10-07T15:00:00Z",
    "end": "2019-10-12T15:00:00Z"
  }
},
{
  "model": "project_blood_legion.raid",
  "pk": 16,
  "fields": {
    "zone": 1,
    "reset": 7,
    "start": "2019-10-08T15:00:00Z",
    "end": "2019-10-15T15:00:00Z"
  }
},
{
  "model": "project_blood_legion.raid",
  "pk": 17,
  "fields": {
    "zone": 2,
    "reset": 10,
    "start": "2019-10-12T15:00:00Z",
    "end": "2019-10-17T15:00:00Z"
  }
},
{
  "model": "project_blood_legion.raid",
  "pk": 18,
  "fields": {
    "zone": 1,
    "reset": 8,
    "start": "2019-10-15T15:00:00Z",
    "end": "2019-10-22T15:00:00Z"
  }
},
{
  "model": "project_blood_legion.raid",
  "pk": 19,
  "fields": {
    "zone": 2,
    "reset": 11,
    "start": "2019-10-17T15:00:00Z",
    "end": "2019-10-22T15:00:00Z"
  }
},
{
  "model": "project_blood_legion.raid",
  "pk": 20,
  "fields": {
    "zone": 1,
    "reset": 9,
    "start": "2019-10-22T15:00:00Z",
    "end": "2019-10-29T15:00:00Z"
  }
},
{
  "model": "project_blood_legion.raid",
  "pk": 21,
  "fields": {
    "zone": 2,
    "reset": 12,
    "start": "2019-10-22T15:00:00Z",
    "end": "2019-10-27T15:00:00Z"
  }
},
{
  "model": "project_blood_legion.raid",
  "pk": 22,
  "fields": {
    "zone": 2,
    "reset": 13,
    "start": "2019-10-27T15:00:00Z",
    "end": "2019-11-01T15:00:00Z"
  }
},
{
  "model": "project_blood_legion.raid",
  "pk": 23,
  "fields": {
    "zone": 1,
    "reset": 10,
    "start": "2019-10-29T15:00:00Z",
    "end": "2019-11-05T16:00:00Z"
  }
},
{
  "model": "project_blood_legion.raid",
  "pk": 24,
  "fields": {
    "zone": 2,
    "reset": 14,
    "start": "2019-11-01T15:00:00Z",
    "end": "2019-11-06T16:00:00Z"
  }
},
{
  "model": "project_blood_legion.raid",
  "pk": 25,
  "fields": {
    "zone": 1,
    "reset": 11,
    "start": "2019-11-05T16:00:00Z",
    "end": "2019-11-12T16:00:00Z"
  }
},
{
  "model": "project_blood_legion.raid",
  "pk": 26,
  "fields": {
    "zone": 2,
    "reset": 15,
    "start": "2019-11-06T16:00:00Z",
    "end": "2019-11-11T16:00:00Z"
  }
},
{
  "model": "project_blood_legion.raid",
  "pk": 27,
  "fields": {
    "zone": 2,
    "reset": 16,
    "start": "2019-11-11T16:00:00Z",
    "end": "2019-11-16T16:00:00Z"
  }
},
{
  "model": "project_blood_legion.raid",
  "pk": 28,
  "fields": {
    "zone": 1,
    "reset": 12,
    "start": "2019-11-12T16:00:00Z",
    "end": "2019-11-19T16:00:00Z"
  }
},
{
  "model": "project_blood_legion.raid",
  "pk": 29,
  "fields": {
    "zone": 2,
    "reset": 17,
    "start": "2019-11-16T16:00:00Z",
    "end": "2019-11-21T16:00:00Z"
  }
},
{
  "model": "project_blood_legion.raid",
  "pk": 30,
  "fields": {
    "zone": 1,
    "reset": 13,
    "start": "2019-11-19T16:00:00Z",
    "end": "2019-11-26T16:00:00Z"
  }
},
{
  "model": "project_blood_legion.raid",
  "pk": 31,
  "fields": {
    "zone": 2,
    "reset": 18,
    "start": "2019-11-21T16:00:00Z",
    "end": "2019-11-26T16:00:00Z"
  }
},
{
  "model": "project_blood_legion.raid",
  "pk": 32,
  "fields": {
    "zone": 1,
    "reset": 14,
    "start": "2019-11-26T16:00:00Z",
    "end": "2019-12-03T16:00:00Z"
  }
},
{
  "model": "project_blood_legion.raid",
  "pk": 33,
  "fields": {
    "zone": 2,
    "reset": 19,
    "start": "2019-11-26T16:00:00Z",
    "end": "2019-12-01T16:00:00Z"
  }
},
{
  "model": "project_blood_legion.raid",
  "pk": 34,
  "fields": {
    "zone": 2,
    "reset": 20,
    "start": "2019-12-01T16:00:00Z",
    "end": "2019-12-06T16:00:00Z"
  }
},
{
  "model": "project_blood_legion.raid",
  "pk": 35,
  "fields": {
    "zone": 1,
    "reset": 15,
    "start": "2019-12-03T16:00:00Z",
    "end": "2019-12-10T16:00:00Z"
  }
},
{
  "model": "project_blood_legion.raid",
  "pk": 36,
  "fields": {
    "zone": 2,
    "reset": 21,
    "start": "2019-12-06T16:00:00Z",
    "end": "2019-12-11T16:00:00Z"
  }
},
{
  "model": "project_blood_legion.raid",
  "pk": 37,
  "fields": {
    "zone": 1,
    "reset": 16,
    "start": "2019-12-10T16:00:00Z",
    "end": "2019-12-17T16:00:00Z"
  }
},
{
  "model": "project_blood_legion.raid",
  "pk": 38,
  "fields": {
    "zone": 2,
    "reset": 22,
    "start": "2019-12-11T16:00:00Z",
    "end": "2019-12-16T16:00:00Z"
  }
},
{
  "model": "project_blood_legion.raid",
  "pk": 39,
  "fields": {
    "zone": 2,
    "reset": 23,
    "start": "2019-12-16T16:00:00Z",
    "end": "2019-12-21T16:00:00Z"
  }
},
{
  "model": "project_blood_legion.raid",
  "pk": 40,
  "fields": {
    "zone": 1,
    "reset": 17,
    "start": "2019-12-17T16:00:00Z",
    "end": "2019-12-24T16:00:00Z"
  }
},
{
  "model": "project_blood_legion.raid",
  "pk": 41,
  "fields": {
    "zone": 2,
    "reset": 24,
    "start": "2019-12-21T16:00:00Z",
    "end": "2019-12-26T16:00:00Z"
  }
},
{
  "model": "project_blood_legion.raid",
  "pk": 42,
  "fields": {
    "zone": 1,
    "reset": 18,
    "start": "2019-12-24T16:00:00Z",
    "end": "2019-12-31T16:00:00Z"
  }
},
{
  "model": "project_blood_legion.raid",
  "pk": 43,
  "fields": {
    "zone": 2,
    "reset": 25,
    "start": "2019-12-26T16:00:00Z",
    "end": "2019-12-31T16:00:00Z"
  }
},
{
  "model": "project_blood_legion.raid",
  "pk": 44,
  "fields": {
    "zone": 1,
    "reset": 19,
    "start": "2019-12-31T16:00:00Z",
    "end": "2020-01-07T16:00:00Z"
  }
},
{
  "model": "project_blood_legion.raid",
  "pk": 45,
  "fields": {
    "zone": 2,
    "reset": 26,
    "start": "2019-12-31T16:00:00Z",
    "end": "2020-01-05T16:00:00Z"
  }
},
{
  "model": "project_blood_legion.raid",
  "pk": 46,
  "fields": {
    "zone": 2,
    "reset": 27,
    "start": "2020-01-05T16:00:00Z",
    "end": "2020-01-10T16:00:00Z"
  }
},
{
  "model": "project_blood_legion.raid",
  "pk": 47,
  "fields": {
    "zone": 1,
    "reset": 20,
    "start": "2020-01-07T16:00:00Z",
    "end": "2020-01-14T16:00:00Z"
  }
},
{
  "model": "project_blood_legion.raid",
  "pk": 48,
  "fields": {
    "zone": 2,
    "reset": 28,
    "start": "2020-01-10T16:00:00Z",
    "end": "2020-01-15T16:00:00Z"
  }
},
{
  "model": "project_blood_legion.raid",
  "pk": 49,
  "fields": {
    "zone": 1,
    "reset": 21,
    "start": "2020-01-14T16:00:00Z",
    "end": "2020-01-21T16:00:00Z"
  }
},
{
  "model": "project_blood_legion.raid",
  "pk": 50,
  "fields": {
    "zone": 2,
    "reset": 29,
    "start": "2020-01-15T16:00:00Z",
    "end": "2020-01-20T16:00:00Z"
  }
},
{
  "model": "project_blood_legion.item",
  "pk": 1,
  "fields": {
    "name": "Arcanist Boots",
    "quality": "E",
    "classicdb_id": 16800
  }
},
{
  "model": "project_blood_legion.item",
  "pk": 2,
  "fields": {
    "name": "Felheart Gloves",
    "quality": "E",
    "classicdb_id": 16805
  }
},
{
  "model": "project_blood_legion.item",
  "pk": 3,
  "fields": {
    "name": "Cenarion Boots",
    "quality": "E",
    "classicdb_id": 16829
  }
},
{
  "model": "project_blood_legion.item",
  "pk": 4,
  "fields": {
    "name": "Earthfury Boots",
    "quality": "E",
    "classicdb_id": 16837
  }
},
{
  "model": "project_blood_legion.item",
  "pk": 5,
  "fields": {
    "name": "Lawbringer Boots",
    "quality": "E",
    "classicdb_id": 16859
  }
},
{
  "model": "project_blood_legion.item",
  "pk": 6,
  "fields": {
    "name": "Gauntlets of Might",
    "quality": "E",
    "classicdb_id": 16863
  }
},
{
  "model": "project_blood_legion.item",
  "pk": 7,
  "fields": {
    "name": "Helm of the Lifegiver",
    "quality": "E",
    "classicdb_id": 18870
  }
},
{
  "model": "project_blood_legion.item",
  "pk": 8,
  "fields": {
    "name": "Choker of Enlightenment",
    "quality": "E",
    "classicdb_id": 17109
  }
},
{
  "model": "project_blood_legion.item",
  "pk": 9,
  "fields": {
    "name": "Robe of Volatile Power",
    "quality": "E",
    "classicdb_id": 19145
  }
},
{
  "model": "project_blood_legion.item",
  "pk": 10,
  "fields": {
    "name": "Wristguards of Stability",
    "quality": "E",
    "classicdb_id": 19146
  }
},
{
  "model": "project_blood_legion.item",
  "pk": 11,
  "fields": {
    "name": "Manastorm Leggings",
    "quality": "E",
    "classicdb_id": 18872
  }
},
{
  "model": "project_blood_legion.item",
  "pk": 12,
  "fields": {
    "name": "Salamander Scale Pants",
    "quality": "E",
    "classicdb_id": 18875
  }
},
{
  "model": "project_blood_legion.item",
  "pk": 13,
  "fields": {
    "name": "Flamewaker Legplates",
    "quality": "E",
    "classicdb_id": 18861
  }
},
{
  "model": "project_blood_legion.item",
  "pk": 14,
  "fields": {
    "name": "Heavy Dark Iron Ring",
    "quality": "E",
    "classicdb_id": 18879
  }
},
{
  "model": "project_blood_legion.item",
  "pk": 15,
  "fields": {
    "name": "Ring of Spell Power",
    "quality": "E",
    "classicdb_id": 19147
  }
},
{
  "model": "project_blood_legion.item",
  "pk": 16,
  "fields": {
    "name": "Crimson Shocker",
    "quality": "E",
    "classicdb_id": 17077
  }
},
{
  "model": "project_blood_legion.item",
  "pk": 17,
  "fields": {
    "name": "Sorcerous Dagger",
    "quality": "E",
    "classicdb_id": 18878
  }
},
{
  "model": "project_blood_legion.item",
  "pk": 18,
  "fields": {
    "name": "Tome of Tranquilizing Shot",
    "quality": "U",
    "classicdb_id": 16665
  }
},
{
  "model": "project_blood_legion.item",
  "pk": 19,
  "fields": {
    "name": "Pants of Prophecy",
    "quality": "E",
    "classicdb_id": 16814
  }
},
{
  "model": "project_blood_legion.item",
  "pk": 20,
  "fields": {
    "name": "Arcanist Leggings",
    "quality": "E",
    "classicdb_id": 16796
  }
},
{
  "model": "project_blood_legion.item",
  "pk": 21,
  "fields": {
    "name": "Felheart Pants",
    "quality": "E",
    "classicdb_id": 16810
  }
},
{
  "model": "project_blood_legion.item",
  "pk": 22,
  "fields": {
    "name": "Nightslayer Pants",
    "quality": "E",
    "classicdb_id": 16822
  }
},
{
  "model": "project_blood_legion.item",
  "pk": 23,
  "fields": {
    "name": "Cenarion Leggings",
    "quality": "E",
    "classicdb_id": 16835
  }
},
{
  "model": "project_blood_legion.item",
  "pk": 24,
  "fields": {
    "name": "Giantstalker's Leggings",
    "quality": "E",
    "classicdb_id": 16847
  }
},
{
  "model": "project_blood_legion.item",
  "pk": 25,
  "fields": {
    "name": "Earthfury Legguards",
    "quality": "E",
    "classicdb_id": 16843
  }
},
{
  "model": "project_blood_legion.item",
  "pk": 26,
  "fields": {
    "name": "Lawbringer Legplates",
    "quality": "E",
    "classicdb_id": 16855
  }
},
{
  "model": "project_blood_legion.item",
  "pk": 27,
  "fields": {
    "name": "Legplates of Might",
    "quality": "E",
    "classicdb_id": 16867
  }
},
{
  "model": "project_blood_legion.item",
  "pk": 28,
  "fields": {
    "name": "Eskhandar's Right Claw",
    "quality": "E",
    "classicdb_id": 18203
  }
},
{
  "model": "project_blood_legion.item",
  "pk": 29,
  "fields": {
    "name": "Medallion of Steadfast Might",
    "quality": "E",
    "classicdb_id": 17065
  }
},
{
  "model": "project_blood_legion.item",
  "pk": 30,
  "fields": {
    "name": "Deep Earth Spaulders",
    "quality": "E",
    "classicdb_id": 18829
  }
},
{
  "model": "project_blood_legion.item",
  "pk": 31,
  "fields": {
    "name": "Aged Core Leather Gloves",
    "quality": "E",
    "classicdb_id": 18823
  }
},
{
  "model": "project_blood_legion.item",
  "pk": 32,
  "fields": {
    "name": "Flameguard Gauntlets",
    "quality": "E",
    "classicdb_id": 19143
  }
},
{
  "model": "project_blood_legion.item",
  "pk": 33,
  "fields": {
    "name": "Mana Igniting Cord",
    "quality": "E",
    "classicdb_id": 19136
  }
},
{
  "model": "project_blood_legion.item",
  "pk": 34,
  "fields": {
    "name": "Sabatons of the Flamewalker",
    "quality": "E",
    "classicdb_id": 19144
  }
},
{
  "model": "project_blood_legion.item",
  "pk": 35,
  "fields": {
    "name": "Magma Tempered Boots",
    "quality": "E",
    "classicdb_id": 18824
  }
},
{
  "model": "project_blood_legion.item",
  "pk": 36,
  "fields": {
    "name": "Quick Strike Ring",
    "quality": "E",
    "classicdb_id": 18821
  }
},
{
  "model": "project_blood_legion.item",
  "pk": 37,
  "fields": {
    "name": "Talisman of Ephemeral Power",
    "quality": "E",
    "classicdb_id": 18820
  }
},
{
  "model": "project_blood_legion.item",
  "pk": 38,
  "fields": {
    "name": "Fire Runed Grimoire",
    "quality": "E",
    "classicdb_id": 19142
  }
},
{
  "model": "project_blood_legion.item",
  "pk": 39,
  "fields": {
    "name": "Striker's Mark",
    "quality": "E",
    "classicdb_id": 17069
  }
},
{
  "model": "project_blood_legion.item",
  "pk": 40,
  "fields": {
    "name": "Earthshaker",
    "quality": "E",
    "classicdb_id": 17073
  }
},
{
  "model": "project_blood_legion.item",
  "pk": 41,
  "fields": {
    "name": "Obsidian Edged Blade",
    "quality": "E",
    "classicdb_id": 18822
  }
},
{
  "model": "project_blood_legion.item",
  "pk": 42,
  "fields": {
    "name": "Plans: Elemental Sharpening Stone",
    "quality": "R",
    "classicdb_id": 18264
  }
},
{
  "model": "project_blood_legion.item",
  "pk": 43,
  "fields": {
    "name": "Cloak of the Shrouded Mists",
    "quality": "E",
    "classicdb_id": 17102
  }
},
{
  "model": "project_blood_legion.item",
  "pk": 44,
  "fields": {
    "name": "Dragon's Blood Cape",
    "quality": "E",
    "classicdb_id": 17107
  }
},
{
  "model": "project_blood_legion.item",
  "pk": 45,
  "fields": {
    "name": "Bloodfang Pants",
    "quality": "E",
    "classicdb_id": 16909
  }
},
{
  "model": "project_blood_legion.item",
  "pk": 46,
  "fields": {
    "name": "Belt of Might",
    "quality": "E",
    "classicdb_id": 16864
  }
},
{
  "model": "project_blood_legion.item",
  "pk": 47,
  "fields": {
    "name": "Bracers of Might",
    "quality": "E",
    "classicdb_id": 16861
  }
},
{
  "model": "project_blood_legion.item",
  "pk": 48,
  "fields": {
    "name": "Breastplate of Might",
    "quality": "E",
    "classicdb_id": 16865
  }
},
{
  "model": "project_blood_legion.item",
  "pk": 49,
  "fields": {
    "name": "Helm of Might",
    "quality": "E",
    "classicdb_id": 16866
  }
},
{
  "model": "project_blood_legion.item",
  "pk": 50,
  "fields": {
    "name": "Pauldrons of Might",
    "quality": "E",
    "classicdb_id": 16868
  }
},
{
  "model": "project_blood_legion.item",
  "pk": 51,
  "fields": {
    "name": "Sabatons of Might",
    "quality": "E",
    "classicdb_id": 16862
  }
},
{
  "model": "project_blood_legion.item",
  "pk": 52,
  "fields": {
    "name": "Helm of Wrath",
    "quality": "E",
    "classicdb_id": 16963
  }
},
{
  "model": "project_blood_legion.item",
  "pk": 53,
  "fields": {
    "name": "Legplates of Wrath",
    "quality": "E",
    "classicdb_id": 16962
  }
},
{
  "model": "project_blood_legion.item",
  "pk": 54,
  "fields": {
    "name": "Bloodfang Hood",
    "quality": "E",
    "classicdb_id": 16908
  }
},
{
  "model": "project_blood_legion.item",
  "pk": 55,
  "fields": {
    "name": "Dragonstalker's Helm",
    "quality": "E",
    "classicdb_id": 16939
  }
},
{
  "model": "project_blood_legion.item",
  "pk": 56,
  "fields": {
    "name": "Dragonstalker's Legguards",
    "quality": "E",
    "classicdb_id": 16938
  }
},
{
  "model": "project_blood_legion.item",
  "pk": 57,
  "fields": {
    "name": "Crown of Destruction",
    "quality": "E",
    "classicdb_id": 18817
  }
},
{
  "model": "project_blood_legion.item",
  "pk": 58,
  "fields": {
    "name": "Azuresong Mageblade",
    "quality": "E",
    "classicdb_id": 17103
  }
},
{
  "model": "project_blood_legion.item",
  "pk": 59,
  "fields": {
    "name": "Eye of Sulfuras",
    "quality": "L",
    "classicdb_id": 17204
  }
},
{
  "model": "project_blood_legion.item",
  "pk": 60,
  "fields": {
    "name": "Ancient Petrified Leaf",
    "quality": "E",
    "classicdb_id": 18703
  }
},
{
  "model": "project_blood_legion.item",
  "pk": 61,
  "fields": {
    "name": "The Eye of Divinity",
    "quality": "E",
    "classicdb_id": 18646
  }
},
{
  "model": "project_blood_legion.item",
  "pk": 62,
  "fields": {
    "name": "Drillborer Disk",
    "quality": "E",
    "classicdb_id": 17066
  }
},
{
  "model": "project_blood_legion.item",
  "pk": 63,
  "fields": {
    "name": "Bindings of the Windseeker",
    "quality": "L",
    "classicdb_id": 18563
  }
},
{
  "model": "project_blood_legion.item",
  "pk": 64,
  "fields": {
    "name": "Bindings of the Windseeker",
    "quality": "L",
    "classicdb_id": 18564
  }
},
{
  "model": "project_blood_legion.item",
  "pk": 65,
  "fields": {
    "name": "Spinal Reaper",
    "quality": "E",
    "classicdb_id": 17104
  }
},
{
  "model": "project_blood_legion.item",
  "pk": 66,
  "fields": {
    "name": "Nightslayer Belt",
    "quality": "E",
    "classicdb_id": 16827
  }
},
{
  "model": "project_blood_legion.item",
  "pk": 67,
  "fields": {
    "name": "Nightslayer Boots",
    "quality": "E",
    "classicdb_id": 16824
  }
},
{
  "model": "project_blood_legion.item",
  "pk": 68,
  "fields": {
    "name": "Nightslayer Bracelets",
    "quality": "E",
    "classicdb_id": 16825
  }
},
{
  "model": "project_blood_legion.item",
  "pk": 69,
  "fields": {
    "name": "Nightslayer Chestpiece",
    "quality": "E",
    "classicdb_id": 16820
  }
},
{
  "model": "project_blood_legion.item",
  "pk": 70,
  "fields": {
    "name": "Nightslayer Cover",
    "quality": "E",
    "classicdb_id": 16821
  }
},
{
  "model": "project_blood_legion.item",
  "pk": 71,
  "fields": {
    "name": "Nightslayer Gloves",
    "quality": "E",
    "classicdb_id": 16826
  }
},
{
  "model": "project_blood_legion.item",
  "pk": 72,
  "fields": {
    "name": "Nightslayer Shoulder Pads",
    "quality": "E",
    "classicdb_id": 16823
  }
},
{
  "model": "project_blood_legion.item",
  "pk": 73,
  "fields": {
    "name": "Band of Accuria",
    "quality": "E",
    "classicdb_id": 17063
  }
},
{
  "model": "project_blood_legion.item",
  "pk": 74,
  "fields": {
    "name": "Brutality Blade",
    "quality": "E",
    "classicdb_id": 18832
  }
},
{
  "model": "project_blood_legion.item",
  "pk": 75,
  "fields": {
    "name": "Head of Onyxia",
    "quality": "E",
    "classicdb_id": 18423
  }
},
{
  "model": "project_blood_legion.item",
  "pk": 76,
  "fields": {
    "name": "Vis'kag the Bloodletter",
    "quality": "E",
    "classicdb_id": 17075
  }
},
{
  "model": "project_blood_legion.item",
  "pk": 77,
  "fields": {
    "name": "Boots of Prophecy",
    "quality": "E",
    "classicdb_id": 16811
  }
},
{
  "model": "project_blood_legion.item",
  "pk": 78,
  "fields": {
    "name": "Circlet of Prophecy",
    "quality": "E",
    "classicdb_id": 16813
  }
},
{
  "model": "project_blood_legion.item",
  "pk": 79,
  "fields": {
    "name": "Girdle of Prophecy",
    "quality": "E",
    "classicdb_id": 16817
  }
},
{
  "model": "project_blood_legion.item",
  "pk": 80,
  "fields": {
    "name": "Gloves of Prophecy",
    "quality": "E",
    "classicdb_id": 16812
  }
},
{
  "model": "project_blood_legion.item",
  "pk": 81,
  "fields": {
    "name": "Mantle of Prophecy",
    "quality": "E",
    "classicdb_id": 16816
  }
},
{
  "model": "project_blood_legion.item",
  "pk": 82,
  "fields": {
    "name": "Robes of Prophecy",
    "quality": "E",
    "classicdb_id": 16815
  }
},
{
  "model": "project_blood_legion.item",
  "pk": 83,
  "fields": {
    "name": "Vambraces of Prophecy",
    "quality": "E",
    "classicdb_id": 16819
  }
},
{
  "model": "project_blood_legion.item",
  "pk": 84,
  "fields": {
    "name": "Leggings of Transcendence",
    "quality": "E",
    "classicdb_id": 16922
  }
},
{
  "model": "project_blood_legion.item",
  "pk": 85,
  "fields": {
    "name": "Halo of Transcendence",
    "quality": "E",
    "classicdb_id": 16921
  }
},
{
  "model": "project_blood_legion.item",
  "pk": 86,
  "fields": {
    "name": "Arcanist Belt",
    "quality": "E",
    "classicdb_id": 16802
  }
},
{
  "model": "project_blood_legion.item",
  "pk": 87,
  "fields": {
    "name": "Arcanist Bindings",
    "quality": "E",
    "classicdb_id": 16799
  }
},
{
  "model": "project_blood_legion.item",
  "pk": 88,
  "fields": {
    "name": "Arcanist Crown",
    "quality": "E",
    "classicdb_id": 16795
  }
},
{
  "model": "project_blood_legion.item",
  "pk": 89,
  "fields": {
    "name": "Arcanist Gloves",
    "quality": "E",
    "classicdb_id": 16801
  }
},
{
  "model": "project_blood_legion.item",
  "pk": 90,
  "fields": {
    "name": "Arcanist Mantle",
    "quality": "E",
    "classicdb_id": 16797
  }
},
{
  "model": "project_blood_legion.item",
  "pk": 91,
  "fields": {
    "name": "Arcanist Robes",
    "quality": "E",
    "classicdb_id": 16798
  }
},
{
  "model": "project_blood_legion.item",
  "pk": 92,
  "fields": {
    "name": "Felheart Belt",
    "quality": "E",
    "classicdb_id": 16806
  }
},
{
  "model": "project_blood_legion.item",
  "pk": 93,
  "fields": {
    "name": "Felheart Bracers",
    "quality": "E",
    "classicdb_id": 16804
  }
},
{
  "model": "project_blood_legion.item",
  "pk": 94,
  "fields": {
    "name": "Felheart Robes",
    "quality": "E",
    "classicdb_id": 16809
  }
},
{
  "model": "project_blood_legion.item",
  "pk": 95,
  "fields": {
    "name": "Felheart Shoulder Pads",
    "quality": "E",
    "classicdb_id": 16807
  }
},
{
  "model": "project_blood_legion.item",
  "pk": 96,
  "fields": {
    "name": "Felheart Horns",
    "quality": "E",
    "classicdb_id": 16808
  }
},
{
  "model": "project_blood_legion.item",
  "pk": 97,
  "fields": {
    "name": "Felheart Slippers",
    "quality": "E",
    "classicdb_id": 16803
  }
},
{
  "model": "project_blood_legion.item",
  "pk": 98,
  "fields": {
    "name": "Schematic: Force Reactive Disk",
    "quality": "R",
    "classicdb_id": 18291
  }
},
{
  "model": "project_blood_legion.item",
  "pk": 99,
  "fields": {
    "name": "Lawbringer Belt",
    "quality": "E",
    "classicdb_id": 16858
  }
},
{
  "model": "project_blood_legion.item",
  "pk": 100,
  "fields": {
    "name": "Lawbringer Bracers",
    "quality": "E",
    "classicdb_id": 16857
  }
},
{
  "model": "project_blood_legion.item",
  "pk": 101,
  "fields": {
    "name": "Lawbringer Chestguard",
    "quality": "E",
    "classicdb_id": 16853
  }
},
{
  "model": "project_blood_legion.item",
  "pk": 102,
  "fields": {
    "name": "Lawbringer Gauntlets",
    "quality": "E",
    "classicdb_id": 16860
  }
},
{
  "model": "project_blood_legion.item",
  "pk": 103,
  "fields": {
    "name": "Lawbringer Helm",
    "quality": "E",
    "classicdb_id": 16854
  }
},
{
  "model": "project_blood_legion.item",
  "pk": 104,
  "fields": {
    "name": "Lawbringer Spaulders",
    "quality": "E",
    "classicdb_id": 16856
  }
},
{
  "model": "project_blood_legion.item",
  "pk": 105,
  "fields": {
    "name": "Giantstalker's Belt",
    "quality": "E",
    "classicdb_id": 16851
  }
},
{
  "model": "project_blood_legion.item",
  "pk": 106,
  "fields": {
    "name": "Giantstalker's Boots",
    "quality": "E",
    "classicdb_id": 16849
  }
},
{
  "model": "project_blood_legion.item",
  "pk": 107,
  "fields": {
    "name": "Giantstalker's Bracers",
    "quality": "E",
    "classicdb_id": 16850
  }
},
{
  "model": "project_blood_legion.item",
  "pk": 108,
  "fields": {
    "name": "Giantstalker's Breastplate",
    "quality": "E",
    "classicdb_id": 16845
  }
},
{
  "model": "project_blood_legion.item",
  "pk": 109,
  "fields": {
    "name": "Giantstalker's Epaulets",
    "quality": "E",
    "classicdb_id": 16848
  }
},
{
  "model": "project_blood_legion.item",
  "pk": 110,
  "fields": {
    "name": "Giantstalker's Gloves",
    "quality": "E",
    "classicdb_id": 16852
  }
},
{
  "model": "project_blood_legion.item",
  "pk": 111,
  "fields": {
    "name": "Giantstalker's Helmet",
    "quality": "E",
    "classicdb_id": 16846
  }
},
{
  "model": "project_blood_legion.item",
  "pk": 112,
  "fields": {
    "name": "Formula: Enchant Weapon - Spell Power",
    "quality": "R",
    "classicdb_id": 18259
  }
},
{
  "model": "project_blood_legion.item",
  "pk": 113,
  "fields": {
    "name": "Cenarion Belt",
    "quality": "E",
    "classicdb_id": 16828
  }
},
{
  "model": "project_blood_legion.item",
  "pk": 114,
  "fields": {
    "name": "Cenarion Bracers",
    "quality": "E",
    "classicdb_id": 16830
  }
},
{
  "model": "project_blood_legion.item",
  "pk": 115,
  "fields": {
    "name": "Cenarion Vestments",
    "quality": "E",
    "classicdb_id": 16833
  }
},
{
  "model": "project_blood_legion.item",
  "pk": 116,
  "fields": {
    "name": "Cenarion Gloves",
    "quality": "E",
    "classicdb_id": 16831
  }
},
{
  "model": "project_blood_legion.item",
  "pk": 117,
  "fields": {
    "name": "Cenarion Helm",
    "quality": "E",
    "classicdb_id": 16834
  }
},
{
  "model": "project_blood_legion.item",
  "pk": 118,
  "fields": {
    "name": "Cenarion Spaulders",
    "quality": "E",
    "classicdb_id": 16836
  }
},
{
  "model": "project_blood_legion.item",
  "pk": 119,
  "fields": {
    "name": "Sash of Whispered Secrets",
    "quality": "E",
    "classicdb_id": 18809
  }
},
{
  "model": "project_blood_legion.item",
  "pk": 120,
  "fields": {
    "name": "Gloves of the Hypnotic Flame",
    "quality": "E",
    "classicdb_id": 18808
  }
},
{
  "model": "project_blood_legion.item",
  "pk": 121,
  "fields": {
    "name": "Band of Sulfuras",
    "quality": "E",
    "classicdb_id": 19138
  }
},
{
  "model": "project_blood_legion.item",
  "pk": 122,
  "fields": {
    "name": "Mature Black Dragon Sinew",
    "quality": "E",
    "classicdb_id": 18705
  }
},
{
  "model": "project_blood_legion.item",
  "pk": 123,
  "fields": {
    "name": "Stormrage Legguards",
    "quality": "E",
    "classicdb_id": 16901
  }
},
{
  "model": "project_blood_legion.item",
  "pk": 124,
  "fields": {
    "name": "Stormrage Cover",
    "quality": "E",
    "classicdb_id": 16900
  }
},
{
  "model": "project_blood_legion.item",
  "pk": 125,
  "fields": {
    "name": "Shard of the Scale",
    "quality": "E",
    "classicdb_id": 17064
  }
},
{
  "model": "project_blood_legion.item",
  "pk": 126,
  "fields": {
    "name": "Ring of Binding",
    "quality": "E",
    "classicdb_id": 18813
  }
},
{
  "model": "project_blood_legion.item",
  "pk": 127,
  "fields": {
    "name": "Gutgore Ripper",
    "quality": "E",
    "classicdb_id": 17071
  }
},
{
  "model": "project_blood_legion.item",
  "pk": 128,
  "fields": {
    "name": "Shadowstrike",
    "quality": "E",
    "classicdb_id": 17074
  }
},
{
  "model": "project_blood_legion.item",
  "pk": 129,
  "fields": {
    "name": "Staff of Dominance",
    "quality": "E",
    "classicdb_id": 18842
  }
},
{
  "model": "project_blood_legion.item",
  "pk": 130,
  "fields": {
    "name": "Finkle's Lava Dredger",
    "quality": "E",
    "classicdb_id": 18803
  }
},
{
  "model": "project_blood_legion.item",
  "pk": 131,
  "fields": {
    "name": "Cauterizing Band",
    "quality": "E",
    "classicdb_id": 19140
  }
},
{
  "model": "project_blood_legion.item",
  "pk": 132,
  "fields": {
    "name": "Netherwind Crown",
    "quality": "E",
    "classicdb_id": 16914
  }
},
{
  "model": "project_blood_legion.item",
  "pk": 133,
  "fields": {
    "name": "Netherwind Pants",
    "quality": "E",
    "classicdb_id": 16915
  }
},
{
  "model": "project_blood_legion.item",
  "pk": 134,
  "fields": {
    "name": "Essence of the Pure Flame",
    "quality": "E",
    "classicdb_id": 18815
  }
},
{
  "model": "project_blood_legion.item",
  "pk": 135,
  "fields": {
    "name": "Ancient Cornerstone Grimoire",
    "quality": "E",
    "classicdb_id": 17067
  }
},
{
  "model": "project_blood_legion.item",
  "pk": 136,
  "fields": {
    "name": "Nemesis Skullcap",
    "quality": "E",
    "classicdb_id": 16929
  }
},
{
  "model": "project_blood_legion.item",
  "pk": 137,
  "fields": {
    "name": "Nemesis Leggings",
    "quality": "E",
    "classicdb_id": 16930
  }
},
{
  "model": "project_blood_legion.item",
  "pk": 138,
  "fields": {
    "name": "Seal of the Archmagus",
    "quality": "E",
    "classicdb_id": 17110
  }
},
{
  "model": "project_blood_legion.item",
  "pk": 139,
  "fields": {
    "name": "Aurastone Hammer",
    "quality": "E",
    "classicdb_id": 17105
  }
},
{
  "model": "project_blood_legion.item",
  "pk": 140,
  "fields": {
    "name": "Pattern: Flarecore Wraps",
    "quality": "R",
    "classicdb_id": 18265
  }
},
{
  "model": "project_blood_legion.item",
  "pk": 141,
  "fields": {
    "name": "Schematic: Core Marksman Rifle",
    "quality": "R",
    "classicdb_id": 18292
  }
},
{
  "model": "project_blood_legion.item",
  "pk": 142,
  "fields": {
    "name": "Wristguards of True Flight",
    "quality": "E",
    "classicdb_id": 18812
  }
},
{
  "model": "project_blood_legion.item",
  "pk": 143,
  "fields": {
    "name": "Malistar's Defender",
    "quality": "E",
    "classicdb_id": 17106
  }
},
{
  "model": "project_blood_legion.item",
  "pk": 144,
  "fields": {
    "name": "Judgement Legplates",
    "quality": "E",
    "classicdb_id": 16954
  }
},
{
  "model": "project_blood_legion.item",
  "pk": 145,
  "fields": {
    "name": "Judgement Crown",
    "quality": "E",
    "classicdb_id": 16955
  }
},
{
  "model": "project_blood_legion.item",
  "pk": 146,
  "fields": {
    "name": "Choker of the Fire Lord",
    "quality": "E",
    "classicdb_id": 18814
  }
},
{
  "model": "project_blood_legion.item",
  "pk": 147,
  "fields": {
    "name": "Bonereaver's Edge",
    "quality": "E",
    "classicdb_id": 17076
  }
},
{
  "model": "project_blood_legion.item",
  "pk": 148,
  "fields": {
    "name": "Blastershot Launcher",
    "quality": "E",
    "classicdb_id": 17072
  }
},
{
  "model": "project_blood_legion.item",
  "pk": 149,
  "fields": {
    "name": "Core Forged Greaves",
    "quality": "E",
    "classicdb_id": 18806
  }
},
{
  "model": "project_blood_legion.item",
  "pk": 150,
  "fields": {
    "name": "Fireguard Shoulders",
    "quality": "E",
    "classicdb_id": 19139
  }
},
{
  "model": "project_blood_legion.item",
  "pk": 151,
  "fields": {
    "name": "Core Hound Tooth",
    "quality": "E",
    "classicdb_id": 18805
  }
},
{
  "model": "project_blood_legion.item",
  "pk": 152,
  "fields": {
    "name": "Eskhandar's Collar",
    "quality": "E",
    "classicdb_id": 18205
  }
},
{
  "model": "project_blood_legion.item",
  "pk": 153,
  "fields": {
    "name": "Sapphiron Drape",
    "quality": "E",
    "classicdb_id": 17078
  }
},
{
  "model": "project_blood_legion.item",
  "pk": 154,
  "fields": {
    "name": "Wild Growth Spaulders",
    "quality": "E",
    "classicdb_id": 18810
  }
},
{
  "model": "project_blood_legion.item",
  "pk": 155,
  "fields": {
    "name": "Fireproof Cloak",
    "quality": "E",
    "classicdb_id": 18811
  }
},
{
  "model": "project_blood_legion.item",
  "pk": 156,
  "fields": {
    "name": "Perdition's Blade",
    "quality": "E",
    "classicdb_id": 18816
  }
},
{
  "model": "project_blood_legion.item",
  "pk": 157,
  "fields": {
    "name": "Quel'Serrar",
    "quality": "E",
    "classicdb_id": 18348
  }
},
{
  "model": "project_blood_legion.item",
  "pk": 158,
  "fields": {
    "name": "Force Reactive Disk",
    "quality": "E",
    "classicdb_id": 18168
  }
},
{
  "model": "project_blood_legion.item",
  "pk": 159,
  "fields": {
    "name": "Onslaught Girdle",
    "quality": "E",
    "classicdb_id": 19137
  }
},
{
  "model": "project_blood_legion.item",
  "pk": 160,
  "fields": {
    "name": "Earthfury Belt",
    "quality": "E",
    "classicdb_id": 16838
  }
},
{
  "model": "project_blood_legion.item",
  "pk": 161,
  "fields": {
    "name": "Earthfury Bracers",
    "quality": "E",
    "classicdb_id": 16840
  }
},
{
  "model": "project_blood_legion.item",
  "pk": 162,
  "fields": {
    "name": "Earthfury Vestments",
    "quality": "E",
    "classicdb_id": 16841
  }
},
{
  "model": "project_blood_legion.item",
  "pk": 163,
  "fields": {
    "name": "Earthfury Epaulets",
    "quality": "E",
    "classicdb_id": 16844
  }
},
{
  "model": "project_blood_legion.item",
  "pk": 164,
  "fields": {
    "name": "Earthfury Gauntlets",
    "quality": "E",
    "classicdb_id": 16839
  }
},
{
  "model": "project_blood_legion.item",
  "pk": 165,
  "fields": {
    "name": "Earthfury Helmet",
    "quality": "E",
    "classicdb_id": 16842
  }
},
{
  "model": "project_blood_legion.item",
  "pk": 166,
  "fields": {
    "name": "Sulfuras, Hand of Ragnaros",
    "quality": "L",
    "classicdb_id": 17182
  }
},
{
  "model": "project_blood_legion.item",
  "pk": 167,
  "fields": {
    "name": "Legplates of Ten Storms",
    "quality": "E",
    "classicdb_id": 16946
  }
},
{
  "model": "project_blood_legion.item",
  "pk": 168,
  "fields": {
    "name": "Helmet of Ten Storms",
    "quality": "E",
    "classicdb_id": 16947
  }
},
{
  "model": "project_blood_legion.item",
  "pk": 169,
  "fields": {
    "name": "Savage Gladiator Chain",
    "quality": "E",
    "classicdb_id": 11726
  }
},
{
  "model": "project_blood_legion.item",
  "pk": 170,
  "fields": {
    "name": "Cloudkeeper Legplates",
    "quality": "E",
    "classicdb_id": 14554
  }
},
{
  "model": "project_blood_legion.item",
  "pk": 171,
  "fields": {
    "name": "Edgemaster's Handguards",
    "quality": "E",
    "classicdb_id": 14551
  }
},
{
  "model": "project_blood_legion.item",
  "pk": 172,
  "fields": {
    "name": "Stronghold Gauntlets",
    "quality": "E",
    "classicdb_id": 12639
  }
},
{
  "model": "project_blood_legion.item",
  "pk": 173,
  "fields": {
    "name": "Breastplate of the Chromatic Flight",
    "quality": "E",
    "classicdb_id": 12895
  }
},
{
  "model": "project_blood_legion.item",
  "pk": 174,
  "fields": {
    "name": "Myrmidon's Signet",
    "quality": "E",
    "classicdb_id": 2246
  }
},
{
  "model": "project_blood_legion.item",
  "pk": 175,
  "fields": {
    "name": "Onyxia Tooth Pendant",
    "quality": "E",
    "classicdb_id": 18404
  }
},
{
  "model": "project_blood_legion.item",
  "pk": 176,
  "fields": {
    "name": "Dragonslayer's Signet",
    "quality": "E",
    "classicdb_id": 18403
  }
},
{
  "model": "project_blood_legion.item",
  "pk": 177,
  "fields": {
    "name": "Onyxia Blood Talisman",
    "quality": "E",
    "classicdb_id": 18406
  }
},
{
  "model": "project_blood_legion.item",
  "pk": 178,
  "fields": {
    "name": "Pattern: Core Armor Kit",
    "quality": "R",
    "classicdb_id": 18252
  }
},
{
  "model": "project_blood_legion.item",
  "pk": 179,
  "fields": {
    "name": "Schematic: Biznicks 247x128 Accurascope",
    "quality": "R",
    "classicdb_id": 18290
  }
},
{
  "model": "project_blood_legion.item",
  "pk": 180,
  "fields": {
    "name": "Pattern: Core Felcloth Bag",
    "quality": "R",
    "classicdb_id": 21371
  }
},
{
  "model": "project_blood_legion.item",
  "pk": 181,
  "fields": {
    "name": "Recipe: Major Rejuvenation Potion",
    "quality": "R",
    "classicdb_id": 18257
  }
},
{
  "model": "project_blood_legion.item",
  "pk": 182,
  "fields": {
    "name": "Formula: Enchant Weapon - Healing Power",
    "quality": "R",
    "classicdb_id": 18260
  }
},
{
  "model": "project_blood_legion.item",
  "pk": 183,
  "fields": {
    "name": "Sulfuron Ingot",
    "quality": "E",
    "classicdb_id": 17203
  }
},
{
  "model": "project_blood_legion.item",
  "pk": 184,
  "fields": {
    "name": "Onyxia Hide Backpack",
    "quality": "U",
    "classicdb_id": 17966
  }
},
{
  "model": "project_blood_legion.item",
  "pk": 185,
  "fields": {
    "name": "Mature Blue Dragon Sinew",
    "quality": "E",
    "classicdb_id": 18704
  }
},
{
  "model": "project_blood_legion.item",
  "pk": 186,
  "fields": {
    "name": "Fang of the Mystics",
    "quality": "E",
    "classicdb_id": 17070
  }
},
{
  "model": "project_blood_legion.item",
  "pk": 187,
  "fields": {
    "name": "Eskhandar's Left Claw",
    "quality": "E",
    "classicdb_id": 18202
  }
},
{
  "model": "project_blood_legion.item",
  "pk": 188,
  "fields": {
    "name": "Drape of Benediction",
    "quality": "E",
    "classicdb_id": 18208
  }
},
{
  "model": "project_blood_legion.item",
  "pk": 189,
  "fields": {
    "name": "Puissant Cape",
    "quality": "E",
    "classicdb_id": 18541
  }
},
{
  "model": "project_blood_legion.item",
  "pk": 190,
  "fields": {
    "name": "Typhoon",
    "quality": "E",
    "classicdb_id": 18542
  }
},
{
  "model": "project_blood_legion.item",
  "pk": 191,
  "fields": {
    "name": "Leggings of Arcane Supremacy",
    "quality": "E",
    "classicdb_id": 18545
  }
},
{
  "model": "project_blood_legion.item",
  "pk": 192,
  "fields": {
    "name": "Unmelting Ice Girdle",
    "quality": "E",
    "classicdb_id": 18547
  }
},
{
  "model": "project_blood_legion.item",
  "pk": 193,
  "fields": {
    "name": "Snowblind Shoes",
    "quality": "E",
    "classicdb_id": 19131
  }
},
{
  "model": "project_blood_legion.item",
  "pk": 194,
  "fields": {
    "name": "Cold Snap",
    "quality": "E",
    "classicdb_id": 19130
  }
},
{
  "model": "project_blood_legion.item",
  "pk": 195,
  "fields": {
    "name": "Crystal Adorned Crown",
    "quality": "E",
    "classicdb_id": 19132
  }
},
{
  "model": "project_blood_legion.item",
  "pk": 196,
  "fields": {
    "name": "Fel Infused Leggings",
    "quality": "E",
    "classicdb_id": 19133
  }
},
{
  "model": "project_blood_legion.item",
  "pk": 197,
  "fields": {
    "name": "Doomhide Gauntlets",
    "quality": "E",
    "classicdb_id": 18544
  }
},
{
  "model": "project_blood_legion.item",
  "pk": 198,
  "fields": {
    "name": "Infernal Headcage",
    "quality": "E",
    "classicdb_id": 18546
  }
},
{
  "model": "project_blood_legion.item",
  "pk": 199,
  "fields": {
    "name": "Flayed Doomguard Belt",
    "quality": "E",
    "classicdb_id": 19134
  }
},
{
  "model": "project_blood_legion.item",
  "pk": 200,
  "fields": {
    "name": "Blazefury Medallion",
    "quality": "E",
    "classicdb_id": 17111
  }
},
{
  "model": "project_blood_legion.item",
  "pk": 201,
  "fields": {
    "name": "Amberseal Keeper",
    "quality": "E",
    "classicdb_id": 17113
  }
},
{
  "model": "project_blood_legion.item",
  "pk": 202,
  "fields": {
    "name": "Empyrean Demolisher",
    "quality": "E",
    "classicdb_id": 17112
  }
},
{
  "model": "project_blood_legion.item",
  "pk": 203,
  "fields": {
    "name": "Eskhandar's Pelt",
    "quality": "E",
    "classicdb_id": 18204
  }
},
{
  "model": "project_blood_legion.item",
  "pk": 204,
  "fields": {
    "name": "Ring of Entropy",
    "quality": "E",
    "classicdb_id": 18543
  }
},
{
  "model": "project_blood_legion.item",
  "pk": 205,
  "fields": {
    "name": "Blacklight Bracer",
    "quality": "E",
    "classicdb_id": 19135
  }
},
{
  "model": "project_blood_legion.item",
  "pk": 206,
  "fields": {
    "name": "The Eye of Shadow",
    "quality": "E",
    "classicdb_id": 18665
  }
},
{
  "model": "project_blood_legion.item",
  "pk": 207,
  "fields": {
    "name": "Shard of the Flame",
    "quality": "E",
    "classicdb_id": 17082
  }
},
{
  "model": "project_blood_legion.item",
  "pk": 208,
  "fields": {
    "name": "Deathbringer",
    "quality": "E",
    "classicdb_id": 17068
  }
}
]
